"period","product_type","product","profit_margin"
202403,"FOOD","CHERNOGOLOVKA DUSES LIMONADI SB 0.5 LT",0.36
202403,"FOOD","PURE MILK OKUZ UREYI PENDIR 1KQ",0.32
202403,"FOOD","FRENCH COW KERE YAGI 1KQ",0.15
202403,"NON-FOOD","UNIVERSAL CLEANER XIMCISTKA",0.5
202403,"FOOD","KISHMISH QIZILI B KQ",0.39
202403,"FOOD","KOTEX NATURAL HIPOALERGEN NORMAL 7X16",0.24
202403,"FOOD","MOLPED GIG BEZ ULTRA NORMAL QANADLI 12ED",0.24
202403,"FOOD","SUN SALFET 25X25 CM 300 EDED",0.27
202403,"FOOD","KRAB CUBUQLARI KRABIYA 100 QR",0.37
202403,"FOOD","PUL BIBER 50G",0.25
202403,"FOOD","SANTAL BANAN SIRESI TP 1 LT",0.34
202403,"FOOD","DOGADAN FORM PURE CAY 40G",0.4
202403,"FOOD","ROTHMANS DEMI CLICK VOLT KAPSUL SIQARET",0.16
202403,"FOOD","BOUNTY DONDURMA ROJOK",0.25
202403,"FOOD","PROSTOKVASHINO XAMA 25% 300GR",0.21
202403,"FOOD","SANTE CRUNCHY BANANLI SOKOLADLI BATON 40G",0.44
202403,"FOOD","SAB SHERG SARDELKA 1 KG",0.31
202403,"FOOD","PINAR SALAM AC-BITIR HINDI 70 GR 1X16",0.29
202403,"FOOD","ECE  GEMLIK TIPI  YAGLI SELE ZEYTUN",0.25
202403,"FOOD","BREF LIMON TERAVETI GUCU X4 50G",0.14
202403,"FOOD","MAMAM BAKERY SIMIT BURGULU",0.5
202403,"FOOD","VICI KRAB CUBUQLARI QAR KRABI 500 QR",0.42
202403,"FOOD","BELUGA NOBLE ARAQ 0.5 LT",0.34
202403,"FOOD","SANDORA QARA QARAGAT SIRESI TP 1 LT",0.23
202403,"FOOD","7UP MB 0.33 LT",0.37
202403,"FOOD","BEYOGLU QAT-QAT CEMLI PECENYE 400 QR",0.39
202403,"FOOD","SEVIMLI DAD XAMA KAUNASSKAYA 30% 200QR",0.21
202403,"FOOD","KONFIROM KONFET NUTATA KQ",0.33
202403,"FOOD","DELIFRANCE AG BAGET",0.44
202403,"FOOD","NIVEA DODAQ BALZAMI ALBALI ETIRLI 4.8QR",0.24
202403,"FOOD","COLGATE DIS FIRCASI 3+1 ORTA",0.2
202403,"FOOD","DIADAR BORODINSKIY XRUSTYESHIY COVDAR KEPEK 200G",0.44
202403,"FOOD","ICESHOP STAKAN VAFLI KOFE 70QR",0.42
202403,"NON-FOOD","HEREVIN 430 ML DECORATED BOTTLE-PP-MONKEY",0.56
202403,"FOOD","KOSMETIK DABAN DASHI",0.3
202403,"FOOD","RASTISHKA YOGURT CIYELEK SHOKOLADLI 115GR",0.21
202403,"FOOD","MOSER ROTH MINI SHOKOLAD KONFET KG",0.34
202403,"FOOD","MERCAN SOYUDULMUS TOYUQ QANADI QAB",0.16
202403,"NON-FOOD","LISMA BULB B 240 100 WATT",0.5
202403,"FOOD","NABEGLAVI MINERAL QAZLI SU SB 0.5 LT",0.23
202403,"FOOD","(B) ABC SHUSE TEMIZLEYICI VASITE 750ML 1+1",0.45
202403,"FOOD","CAR SOSIS MOLOCNIE PO-TSAR 275QR",0.27
202403,"FOOD","EST KOLONYA SUSE DEST 1-5 EDED 16ML",0.25
202403,"FOOD","NATSIONAL YUMRU ISPAN DUYUSU 800QR.",0.47
202403,"FOOD","BOMBBAR KASA BANKA BAL 75GR",0.35
202403,"NON-FOOD","TWIST FASHION ZAMS UCUN QARA BOYA-AEROZOL 300ML",0.27
202403,"FOOD","SEBA TEZE TOYUQ SARI PAKETDA",0.19
202403,"FOOD","QATILASHDIRICI XAMA VE QAYMAQ UCUN 15G",0.41
202403,"FOOD","OVEN GECE GUNDUZ KQ",0.53
202403,"FOOD","DILIMLI HINDI JAMBON 120QR",0.37
202403,"FOOD","SAB VETCINA MAL ETI.",0.18
202403,"FOOD","WINSTON XS WHITE SIQARET",0.15
202403,"FOOD","NID QARA ISTIOT SUSE 100Q",0.36
202403,"FOOD","MILKA PECHENYE USTU SUDLU SHOKOLAD 200G",0.25
202403,"FOOD","DRKORN XLEBCI QARGIDALI DUYU ZENCEFIL LIMON 90G",0.31
202403,"NON-FOOD","PRINCESS MUG 25CL N0193PRINCESS",0.45
202403,"FOOD","LIME QOZLU CUGUNDUR SALATI",0.08
202403,"FOOD","NID ZEFERAN 0.5QR",0.37
202403,"FOOD","BRAVO SERVELAT KOLBASA",0.23
202403,"FOOD","CROWN LOBYA QIRMIZI 800QR",0.36
202403,"FOOD","HOCHLAND ALMETTE PENDIR GOYERT? 150QR",0.32
202403,"FOOD","CAN-PA OZEL DILIM MARMELAD KG",0.34
202403,"FOOD","DOMASNEE YUMRU DUYU 800 G",0.26
202403,"NON-FOOD","COPY BOOK 80V.CELL 65GR PREMIUM",0.33
202403,"FOOD","BAGDAT HINDISTAN CEVIZI 33 GR 1X15",0.23
202403,"NON-FOOD","DISHWASHING BRUSH ECONOMIC",0.44
202403,"FOOD","PINAR AG PENDIR 400 GR",0.25
202403,"FOOD","AQUAFRESH DIS MECUNU INTENSIV TEMIZLEME 75ML",0.21
202403,"FOOD","MRM WINDOW CLEANER  750ML",0.3
202403,"FOOD","OLD SPICE DEO KISI SPRAY ORIGINAL 150ML",0.43
202403,"FOOD","BIZIM SUFRE ACILI BIBER SOUSU 115QR",0.19
202403,"FOOD","ETI LIFALIF YULAF EZMESI 500Q PAKET",0.29
202403,"FOOD","DOMESTOS CEHRAYI GUC 750 ML",0.27
202403,"NON-FOOD","CARS 0011",0.46
202403,"NON-FOOD","TAG BALLOONS - BUTTERFLIES - 5 PCS / 90 CM",0.32
202403,"FOOD","MILLA PLAIN YOGHURT 1.5% 500 GR",0.29
202403,"FOOD","CAN MEYVELI MARMELAD 250 GR",0.36
202403,"FOOD","HAMAM UCHUN SUNGER KLASSIK",0.36
202403,"FOOD","FANTA DUSES PL 1 LT",0.29
202403,"FOOD","BIZIM SUFRE KETCUP ACILI 350 G",0.21
202403,"FOOD","CHUDO YOQURT 2.4% SAFTALI-ERIK 290GR",0.26
202403,"FOOD","RICE UP RICE ROLLS XAMA SOGA VE ZEYT YAGI ILE 50G",0.46
202403,"FOOD","ALR TORT PRAQA BOYUK",0.34
202403,"FOOD","MISTER TUM GUNEBAXAN TUMU 120QR",0.48
202403,"FOOD","NUE ASETON 450ML*12 QIRMIZI",0.49
202403,"FOOD","(B)AURA KAGIZ DESMAL 8RULON+1RULON HEDIYYE",0.2
202403,"FOOD","JOHNSON BABY SAMPUN VE DUS GELI 300 ML",0.22
202403,"FOOD","(B)CAY RICHARD ATMA CAY 1+1",0.22
202403,"FOOD","LAYS XARDAL CHIPSI 150QR",0.22
202403,"FOOD","HISE VERILMIS FOREL FILESI 100 QR, VAKUUM QABLASMA",0.21
202403,"FOOD","ICIM SUD CIYELEKLI 3% 180 ML",0.24
202403,"NON-FOOD","CAMELION BATAREYA R03 YASIL AAA2",0.45
202403,"FOOD","ECE YASIL CEKIRDEKSIZ ZEYTUN 720Q",0.23
202403,"NON-FOOD","REFRIGERATOR SAMSUNG RT35K5440S8/WT",0.13
202403,"FOOD","BADAM QORULMUS 100 Q",0.39
202403,"NON-FOOD","KIDS PIJAMA SET 4336A 5",0.08
202403,"NON-FOOD","STICKER PVA I-2700 40Q",0.43
202403,"FOOD","ROSHEN COKOLATERIA QUTU SHOKOLAD 194G",0.25
202403,"NON-FOOD","TECHNOK METBEX DESTI OYUNCAGI 1851",0.46
202403,"FOOD","NATSIONAL CIYELEKLI SIYIQ 40Q PAKET.",0.37
202403,"NON-FOOD","016 GL BODYSLIM 20",0.37
202403,"FOOD","7DAYS CIYELEK MINI KRUASAN 65QR",0.32
202403,"FOOD","MR PEPPER XOREK DUZU 900Q",0.13
202403,"FOOD","AQUAVITA QAZLI SU PL 0.5 LT",0.46
202403,"FOOD","ROSHEN 2CRACK KAKAO FINDIQLI PECENYE 235QR",0.28
202403,"FOOD","R MORE QIZIL BALIQ KURUSU DENEVER 95 QR",0.32
202403,"NON-FOOD","""MASTER"" TRACTORS 35240",0.5
202403,"FOOD","FLORENCE 3LU HEDIYYE DESTI",0.45
202403,"FOOD","DANA QARACIYER",0.15
202403,"FOOD","XALVA PODSOL.VANIL DRUJKOVKA KQ",0.29
202403,"FOOD","NATURA QARA QARAGAT SIRESI SB 1 LT",0.28
202403,"FOOD","ZDOROVOYE MENYU YULAF SUD 0.5L",0.33
202403,"FOOD","AGSU NAR SARABI 0.7 LT",0.37
202403,"FOOD","NID ZEFERAN 3Q",0.37
202403,"FOOD","ANANAS KUBIK KQ",0.41
202403,"FOOD","FLEUR ALPINE USHAQ UCUN QAZSIZ SU 0+ PL 1LT",0.2
202403,"FOOD","ETI POP KEK LIMONLU 144G",0.33
202403,"FOOD","72% TESERRUFAT SABUN UNIVERSAL 100 QR",0.31
202403,"FOOD","SEVIMLI DAD SUDLU SOSIS 1 KQ",0.27
202403,"FOOD","CISTIM BELEZNA GEL AGARDICI 950 ML",0.44
202403,"FOOD","SYOMQA KELLESI AAF A",0.13
202403,"NON-FOOD","GOLD SHOE HORN BIG 38CM",0.47
202403,"FOOD","ILGIM SUMAX 100QR",0.42
202403,"FOOD","COREKCI ZIRE COREYI 400 GR",0.2
202403,"NON-FOOD","AC GREE GWH24AAD-K3NNA4A",0.2
202403,"FOOD","SELPAK QUTU SALFET 100 EDEDLI",0.2
202403,"FOOD","COLGATE DIS MECUNU LIMON TERKIBLI 75 ML",0.18
202403,"FOOD","AGARTI XAMA 25% 250GR",0.25
202403,"FOOD","ROT FRONT QUSYINIYE LAPKI KARAMEL KQ",0.32
202403,"FOOD","NATURA PRIZMA QARA QARAGAT SIRESI TP 1 LT",0.26
202403,"FOOD","GO SILVER ALKOGOLLU KOKTEYL MB 0.5 LT",0.35
202403,"FOOD","RASPAK ET EDVIYYATI 30QR",0.36
202403,"NON-FOOD","BANAT MICROPOINT CLEANING CLOTH 4 PCS",0.48
202403,"FOOD","MOSKOVSK PROVANSAL MAYONEZ YUNGUL 390 GR",0.17
202403,"FOOD","CLIN SPR.WINDOW CLEANER APPLE 500ML",0.15
202403,"FOOD","SUN KITCHEN TOWEL 2 ROLLS",0.25
202403,"NON-FOOD","PARTY FUN ALPHABET CANDLE - A",0.45
202403,"FOOD","POMIDOR CEHRAYI KQ",0.14
202403,"FOOD","KONFIROM KONFET-VAFLI DARENKA KQ",0.33
202403,"FOOD","PAKMAYA PUDING SHOKOLAD FINDIQLI 118G",0.36
202403,"FOOD","BIZIM TARLA ALBALI MUREBBESI 830G",0.15
202403,"FOOD","SOLEN OZMO BURGER PECHENYE 40G",0.34
202403,"FOOD","ORION CHOCOBOY SAFARI PECENYE 42QR",0.23
202403,"FOOD","KOK YERLI KQ",0.2
202403,"FOOD","MILLENNIUM FAVOR BRUT EKSTRA QARA PL SOKOLAD 100G",0.51
202403,"FOOD","SEDRAYA ZEMLYA MERCI TURK 700Q",0.23
202403,"FOOD","SELMAN SUZME KG",0.35
202403,"FOOD","PINAR KETCUP 600QR PL",0.28
202403,"FOOD","NIVEA KREM DUS GELI KOKOS 250ML",0.37
202403,"FOOD","ARKO KISHILER UCUN TERAS KREMI HESSAS 65GR",0.36
202403,"FOOD","YUBILEYNOYE PECHENYE KG",0.38
202403,"FOOD","CLUB 4 LAPI STERILIZE OLUNMUSLAR UCUN 80G",0.29
202403,"FOOD","TADIM KESU QOZU 75Q",0.25
202403,"FOOD","PAPI SALFET_23*25CM_180*8",0.18
202403,"FOOD","ANGRY BIRDS ALBALI-ALMA NEKTARI TP 0.2 LT",0.26
202403,"FOOD","SUN BALACAM NEM SALFET 72*36 QAPAQ",0.18
202403,"FOOD","CASTING 600 BLOND FONCE",0.37
202403,"FOOD","ETI BENIMO SOKOLADLI BISKVIT 77Q",0.37
202403,"NON-FOOD","GP AA ULTRA ALKALINE 15AU-U2 BATTERY",0.48
202403,"FOOD","HICAZ DOKTOR 300 QR",0.35
202403,"FOOD","ORION CHOCO PIE QARA QARAGAT PECENYE 360QR",0.36
202403,"NON-FOOD","FINO ZIBIL TORBASI TUTACAQLI HD CLASSIC 35L 15+5ED",0.39
202403,"FOOD","NID CIRE UYUDULMUS 15QR",0.3
202403,"FOOD","OVEN KEPEKLI BATON COREYI 350 QR",0.58
202403,"NON-FOOD","YORK ZIBIL TORBASI 35 LITR / 15 EDED",0.38
202403,"FOOD","KISE HAMAM UCHUN DAMA",0.32
202403,"FOOD","LUX ERA MAYE SABUN 2L",0.4
202403,"FOOD","LEZIZ CEREZ QOZ LEPESI 200QR",0.33
202403,"FOOD","SYNERGETIC QAB YUYAN VASITE ALMALI 500 ML",0.45
202403,"FOOD","LEZIZ CEREZ FINDIQ AG QOVRULMUSH VAKUM 500KQ",0.38
202403,"FOOD","ANGRY BIRDS TWISTED MARSHMELLOW 25G",0.36
202403,"FOOD","DALIN KULAK CUBUGU 100ED",0.45
202403,"FOOD","PERSIL COLOR YUYUCU GEL 1.3 L",0.25
202403,"FOOD","DANA OSSOBUKO SOYUTMALIQ (A)",0.24
202403,"FOOD","GOLD WIND HAVA TERAVETLENDICISI GRAPEFRUIT 300ML",0.29
202403,"FOOD","BAKER HOUSE FISTIQLI ALMAN PIROQU 350GR",0.38
202403,"FOOD","BIO YOGURT ERIK CEMI ILE 190QR",0.24
202403,"FOOD","ALEKSANDROVSKIYE CEKI KONFET KG",0.25
202403,"FOOD","KNOR DUGUN CHORBASI 72QR",0.05
202403,"FOOD","AQUA FRUIT DUS GELI FRESH 420ML",0.29
202403,"FOOD","TORRENT ZEYTUN YASIL TUMLU 244GR",0.37
202403,"NON-FOOD","SCOURING SPONGE PREMIUM 5PCS NY",0.4
202403,"FOOD","MILKA YENI IL 44.9GR",0.48
202403,"FOOD","ALPEN GOLD MAXFUN PLITKA POPKORN 160QR",0.24
202403,"FOOD","NICOS SPRAY DEO SILVER FORMEN 150ML",0.32
202403,"FOOD","STARAPRAGA PLASTIK PIVE 1.5 LT",0.38
202403,"FOOD","FUSE TEA SAFTALI ETIRLI SOYUQ CAY PL 0.3 LT",0.29
202403,"FOOD","PERSIL EXPERT YUYUCU GEL LAVANDA AROMALI 1.95L",0.29
202403,"FOOD","SLOBODA KETCUP KABABLIQ 200QR",0.25
202403,"FOOD","LUKAS PECENYE USHKI KQ",0.3
202403,"FOOD","KOSTROVOK MARINAD D/KURICI 300QR",0.44
202403,"FOOD","BREF WC REFRESHING BLOCK OCEAN TRIO 3X50 GR",0.28
202403,"NON-FOOD","AUTUMN WINTER QUILT SINGLE 300 GR 170X210",0.45
202403,"FOOD","ALPRO BADAM 750ML",0.24
202403,"FOOD","SEVIMLI DAD ET COREYI BISMIS.",0.34
202403,"NON-FOOD","MIRSA UZADICI 3-LU 3 METR",0.56
202403,"FOOD","COMET TEMIZLEYICI TOZ LIMON 475QR",0.05
202403,"FOOD","RASPAK XARDAL TOZU 100 G",0.32
202403,"FOOD","BEST BEEF HIND TOYUQ VARYONNU KG",0.32
202403,"NON-FOOD","TAC KICIK KARTON BOSQAB 10 LU 0325",0.39
202403,"FOOD","NIVEA MEN SAMPUN QAYGI ULTRA 250ML",0.29
202403,"NON-FOOD","TITIZ OYSTER SOAP DISH",0.48
202403,"FOOD","DELISIMO PLOMBIR HAZELNUT",0.4
202403,"NON-FOOD","(PR)TUMBLER GB.OB.(LUNA-NEW CON 489600",0.56
202403,"FOOD","COLGATE DIS FIRCASI PREM TEMIZLEYEN",0.24
202403,"FOOD","PALMOLIVE DUS GELI INTENSIV NEMLENME 250ML",0.21
202403,"FOOD","BIZIM SUFRE XAMA DADLI MAYONEZ 200ML",0.34
202403,"FOOD","OVEN QOGAL PENDIRLI",0.46
202403,"NON-FOOD","TEXTMARKER A-5880 YASIL",0.44
202403,"FOOD","ICIM MILK LIGHT 1LT",0.37
202403,"FOOD","PRIPRAVIC TORT UCUN KREM VANILLI 50GR",0.37
202403,"FOOD","FULL LIMON ETIRLI SOYUQ CAY MB 0.45 LT",0.36
202403,"FOOD","COCA-COLA SHEKERSIZ PL 0.3 LT",0.34
202403,"FOOD","NIVEA TERAS SONRA LOSYON GUMUS MUD 100ML.",0.26
202403,"FOOD","BAGDAT SEKERLI VANILIN 5 GR 1X30",0.23
202403,"FOOD","DARAQ O-6",0.31
202403,"FOOD","FANAT UNLAMA 500 QR",0.4
202403,"NON-FOOD","RSLEE 12OZ OVAL SUMMER DECOR MUG 4678-R111",0.38
202403,"NON-FOOD","DOMOTTI CLEVER ROUND WHITE TRAY 35.5X3CM",0.54
202403,"FOOD","OSTAN SINYUQA PREMIUM RUSSKAYA",0.3
202403,"FOOD","LE PLAISIR PIROJKI MAYA KARTOFLU",0.13
202403,"NON-FOOD","KID SOCK PREMIUM W17",0.41
202403,"NON-FOOD","PARTY FUN LATEX BALOON PURPLE",0.49
202403,"FOOD","GILLETTE ULGUC START RAZOR + 2",0.32
202403,"NON-FOOD","POZAN OL-6060",0.44
202403,"FOOD","HICAZ DONMUS QANAD QABDA KG",0.22
202403,"NON-FOOD","ARONI BOX KAJA",0.59
202403,"FOOD","VATIKA SHAMPUN YUMURTA 200 ML",0.34
202403,"FOOD","RUSS XOL ESKIMO PULA SSSR 80QR",0.5
202403,"FOOD","BIOMIO PALTAR UCUN EKOLOJI KONDIS DARCIN 1500ML",0.48
202403,"FOOD","NIVEA DEO ROLL ON QADIN AG VE QARA 50 ML",0.26
202403,"FOOD","OVCULAR KULLEME BISMIS KOLBASA",0.34
202403,"FOOD","(B)PAMPERS BEZ N 6 52ED + PAMPERS N6 10 ED HEDIYYE",0.17
202403,"FOOD","SOFFIONE TUALET KAGIZI TAZE LIMONOTU 4 RULON",0.26
202403,"FOOD","FINAL GUNEBAXAN YAGI  4.5L",0.22
202403,"FOOD","SPLAT USAQ DIS FIRCASI KICIK 2-8YAS",0.5
202403,"FOOD","BANANLI DONDURMA ROJOK",0.29
202403,"FOOD","CLEANSING WIPES SENSITIVE SKINS X25 YSIANCE",0.4
202403,"FOOD","NK USAQ UCUN BERK SABUN 90 GR",0.44
202403,"FOOD","GARNIER MISELYAR SUYU GUL RENGI TEMIZLEYICI 700ML",0.24
202403,"FOOD","CAFE MIMI SHAMPUN SUPERHECM ZEYT VE KEKL 370ML",0.42
202403,"FOOD","AQUAFRESH DIS MECUNU QREYFRUT TERKIBLI 75 ML",0.24
202403,"FOOD","MILKA SUDLU SOKOLADLI CUBUQ PECENYE 112QR",0.28
202403,"FOOD","BALIQCI KILKE S/H 150QR",0.27
202403,"FOOD","PINAR SUT PROTEIN KAHVELI 500 ML",0.28
202403,"FOOD","AC TEMIZ VEREQ TEMIZLEYICI GEL 200 ML",0.41
202403,"FOOD","CACHET PLITKA SHOKOLAD DUZ BADAM 57% 100QR",0.34
202403,"FOOD","YELKEN SKUMBRIYA VAKUM KQ",0.25
202403,"FOOD","(B)VERNEL SUPREME PALTAR YUM. 1.2L + 600ML HEDIYYE",0.18
202403,"NON-FOOD","PHILIPS ESS LEDBULB 13W E27 6500K 230V 1CT/12RCA",0.49
202403,"FOOD","SLADOK CHIYELEKLI VAFLI KG",0.44
202403,"FOOD","LADY CARAMEL KREM DEPILATOR 200ML",0.4
202403,"NON-FOOD","JAN ALIMINIUM FALQA 10 M RULON",0.35
202403,"NON-FOOD","DULUXSTAR MINI TWIST12W 2700  E14 ENERGY SAVE LAMP",0.46
202403,"FOOD","PAMPERS USAG BEZI-TUMAN N4-16 EDED",0.34
202403,"FOOD","CASINO DEO SPRAY VANILLA  200ML",0.25
202403,"FOOD","FINAL MAL ETI KONSERVI 325 G",0.24
202403,"FOOD","BIZIM ASCI YUMRU DUYU 800 GR",0.18
202403,"NON-FOOD","ROUND DROP DESIGN BASKET 3,3L 19X15,5 CM",0.56
202403,"FOOD","IMPACT MINTS CLASSIC MINTS QARPIZ 14QR",0.42
202403,"FOOD","LESTELLO DUYULU XLEBCI 110G",0.44
202403,"FOOD","MAXX DELUXE HAIR COLOR KIT  7.3",0.36
202403,"FOOD","STR8 DUS GELI INAM 250ML",0.2
202403,"NON-FOOD","YORK DISH BRUSH TWEED",0.33
202403,"FOOD","WC MEISTER TOILET BLOCK LEMON",0.3
202403,"FOOD","MAROSHA KARPATSKAYA VODKA 1LT",0.4
202403,"NON-FOOD","(PR)JUG TRANSPARENT PLASTIC LID OB.(FERAH-F&D)",0.46
202403,"FOOD","YASNO SOLNISKO YULAF SIYIGI QAYSI SEKERSIZ 300GR",0.49
202403,"NON-FOOD","CAR 258",0.39
202403,"FOOD","LIMON CEKI KONFET KG",0.34
202403,"NON-FOOD","THERMOS 0.5L MAESTRO MR-1642-50",0.45
202403,"NON-FOOD","RATSIYA (993)",0.39
202403,"FOOD","SOKOLAD VE VANILYA EL VE BEDEN LOSYON 250ML",0.32
202403,"FOOD","INDI LAYT DONDURULMUS HINDUSKA FARSI 900Q",0.23
202403,"FOOD","CISTIN DISH POWDER 400GR LEMON",0.35
202403,"FOOD","LOL PLASTIK UREK HEDIYYELI KARAMEL 15QR",0.38
202403,"FOOD","DERMOKIL ALOE VERA EL&BEDEN KREMI 220 ML",0.42
202403,"FOOD","EXCELL 9.1 BLOND ASHY",0.53
202403,"FOOD","MSS SPRAY DEO NEUTRO POWER 150ML",0.15
202403,"NON-FOOD","LOL MUSIC 959-5",0.38
202403,"FOOD","VITADIET KARAMEL SEKERSIZ BAL LIMON 44GR",0.55
202403,"NON-FOOD","1:64 METAL DIECAST CAR(2 ITEMS/5PCS)",0.5
202403,"FOOD","BASSO POMACE 1 L",0.25
202403,"FOOD","ITA COLLEZIONE QIRMIZI TURS N D'AVOLA 0.75L",0.52
202403,"FOOD","GERMANTO TILSITER PENDIR 240 GR",0.39
202403,"NON-FOOD","DUNYA PLASTIK DETERGENT RATTAN BOX 6 LT",0.37
202403,"FOOD","KEYRA SAC BOYASI QARA KASHTAN 3 100ML",0.37
202403,"FOOD","BREF CA TUALET UCUN BLOK LAVANDA AROMALI 1X50 GR",0.48
202403,"FOOD","MOCUZE KERE LEZZETLI GUNEBAXAN YAGI 2L.",0.19
202403,"FOOD","ERDINGER WEISSE BANKA PIVE 0.5 LT",0.23
202403,"FOOD","MELNICA KRASNIY CERNIY 54G",0.35
202403,"NON-FOOD","TABLE CLOTH 1152-01 100X140 PROMO",0.36
202403,"NON-FOOD","KSF METAL MASIN OYUNCAGI 12ST",0.75
202403,"NON-FOOD","HEREVIN POPCORN BOX - BLUE",0.54
202403,"NON-FOOD","TEENS BRIEF 142080",0.29
202403,"NON-FOOD","PURE BOX SQUARE 76CL",0.47
202403,"NON-FOOD","PASABAHCE 96761 FOOD STORAGE CONTAINER 1130CC",0.56
202403,"FOOD","ELIDOR 1 MINUTE SAC KREMI ZEYIF SACLAR UCUN 170ML",0.28
202403,"FOOD","PERSIL YUYUCU GEL AG PALTAR AVT. BAHAR TER. 1.3 L",0.51
202403,"FOOD","GOLDEN ROSE DIRNAQ BOYASI EXPERT N108",0.36
202403,"FOOD","PAPRICI USTRICNIY SOUS 330QR",0.28
202403,"FOOD","ABAD PETEK AKASIYA BALI 960QR",0.21
202403,"NON-FOOD","DUNYA PLASTIK ORGANIZER W/HANDLE",0.49
202403,"NON-FOOD","CHILDREN EATING SET 5PCS 2ASS",0.48
202403,"FOOD","BONELLE KQ",0.27
202403,"FOOD","DURU FLORAL SENSATIONS ORANGE 140GR",0.1
202403,"NON-FOOD","BAMBOO PILLOW 50X70 CM CANTALI",0.39
202403,"NON-FOOD","NEV.TK RF TK PUDRA SOMON COLORMIX DUZ",0.35
202403,"FOOD","GALA ANTIBAKTERIAL SIVI SABUN 300ML",0.35
202403,"NON-FOOD","POLE CONSTRUCTOR ""BUILDER"" SET-66",0.51
202403,"FOOD","BABEK 8 ILLIK KONYAK 0.5 LT",0.35
202403,"NON-FOOD","PHILIPS ESSLEDCANDLE 6W 620LM E14 827BA35NDFRRCA",0.49
202403,"FOOD","ASTERA TWISTER MIXED DIS FIRCASI",0.31
202403,"NON-FOOD","BABY CONSTRUCTOR 469",0.48
202403,"FOOD","TULLAMORE DEW VISKI 0.7 LT",0.5
202403,"FOOD","OVEN REGION TVIS PENDIRLI",0.24
202403,"FOOD","SUPER SUN GHEE 910Q",0.24
202403,"FOOD","SHOKOLATE KONFET AG QLAZUR KQ",0.22
202403,"FOOD","ZOLOTOY SAD PRIZMA ALBALI SIRESI TP 1 LT",0.32
202403,"FOOD","PINAR AG PENDIR  SLM.KAHV.KEYFI 800 QR",0.19
202403,"FOOD","AZERCAY ASTARA BUKET 100G SEFFAF",0.22
202403,"FOOD","LUGLIO ZEYTUN YAG POMACE 3L",0.4
202403,"FOOD","ALR TORT BALLI BOYUK",0.4
202403,"NON-FOOD","PHILIPS STAN 40W E14 230V P45 CL 1CT/10X10F",0.52
202403,"NON-FOOD","SUVENIR GUL",0.48
202403,"NON-FOOD","MINE CRAFT LEGO",0.42
202403,"NON-FOOD","KLOZET TAK. PAM. LINED 60X100+50X60 AQUA",0.28
202403,"FOOD","CASINO RAZOR FOR WOMAN 2BLADES",0.19
202403,"NON-FOOD","LADIES HOME SLIPPER GT2KZM.12878.00 36-40/TKM",0.42
202403,"FOOD","PAPIA TUALET KAGIZI 3QAT 12RULON+4RULON HEDIYYE",0.32
202403,"FOOD","KONFIROM DARENKA KEKS VANILLI 210G",0.31
202403,"FOOD","MECHTA XOZAYKI MAYONEZ KLASSIK PAKET 192ML",0.18
202403,"NON-FOOD","(PR) MUG TEMP.(325ML)SB.OB.(AQUA)",0.52
202403,"FOOD","ALPEN GOLD PLITKA PAVLOV DESERT 150QR",0.31
202403,"FOOD","BIZIM ASCI LOBYA QARAGOZ 800 GR",0.21
202403,"FOOD","CAPELIN KURU N1 SANTA BREMOR 180 G",0.29
202403,"FOOD","ZOLOTOYE SOLNISKO GUNEBAXAN YAGI 1L",0.18
202403,"FOOD","DER WASCHKONIG WHITE OXI STAIN REMOVER LIQUID 1.5L",0.29
202403,"NON-FOOD","061 SI MISS 15 3MIL CORAB",0.36
202403,"FOOD","REXONA SPRAY DEO ULTRA DRY COTTON 150ML",0.47
202403,"FOOD","MUMTAZ 1KQ BANKA",0.2
202403,"FOOD","NIVEA SPRAY DEO PUDRA EFFEKTI FRES150ML",0.26
202403,"FOOD","DURU SABUN SAF DOGAL LAVANDA 4 EDEDLI 85QR",0.22
202403,"FOOD","DUBRAR QAZSIZ SU 1 LT",0.32
202403,"FOOD","CAR SERVELAT ROSSIYSKIY H/V 330 GR PAKET",0.26
202403,"FOOD","JACOBS LATTE 3U 1DE 13QR",0.22
202403,"NON-FOOD","PEN OL-1870 0.7MM BLUE",0.45
202403,"NON-FOOD","TECHNOK CAY DESTI OYUNCAGI 465",0.53
202403,"FOOD","KADAYIF KAPLI FINDIQLI HALEP LOKUM KQ",0.36
202403,"FOOD","RASTISHKA YOGURT ALMA ARMUD SHOKOLADLI 118GR",0.2
202403,"FOOD","GLYCERIINE SOAP GREAN TEA 100GR",0.48
202403,"NON-FOOD","ALBAYRAK BABY PLATE W/H 3 SECT. MT920 217X217X18",0.47
202403,"FOOD","KONFIROM AMANI SHOKOLAD NARINCI KONFET KG",0.4
202403,"FOOD","KELEM QIRMIZI KQ",0.47
202403,"FOOD","PAKMAYA QARGADALI NISHASTASI 200G",0.32
202403,"FOOD","SAB KOLBASA PRIMA MAL ETI BISMIS.",0.31
202403,"FOOD","BORJOMI MINERAL SU PL 0.5 LT",0.3
202403,"FOOD","AB PYANAYA VISHNYA CAKE MEDIUM 900 GR",0.45
202403,"FOOD","MELNICA CERNIY BELIY 63G",0.31
202403,"FOOD","DURU GOURMET  SB MANGO D 300ML*12 R1",0.36
202403,"FOOD","HALAL NEMET SINYUQA HALAL EF",0.22
202403,"FOOD","ROSHEN VAFLI SUDLU 216QR",0.25
202403,"NON-FOOD","TITIZ PAPER CUP 25 PCS",0.43
202403,"FOOD","B-BEREQ DENIZ MEHSULLAR KOKTEYL YAGDA 200 QR",0.39
202403,"FOOD","BRAVO GENCE TENDIR BREAD",0.22
202403,"FOOD","BATONCHIK MUSLI MESE GARAGILE SEKERSIZ 25G",0.42
202403,"FOOD","FRUIT MARMELAD TEMPTIES 35GR",0.35
202403,"FOOD","NIVEA SPRAY DEO KISI ILDIRIM YUKU 150ML",0.28
202403,"FOOD","CALGON TABS 35PCS",0.42
202403,"NON-FOOD","BROWNI CAKE PAPER (60 PC.)",0.62
202403,"FOOD","MAKFA PERLOVA 800QR",0.27
202403,"FOOD","NMJK 72% SOAP 200GR",0.31
202403,"FOOD","KENT PUDINQ 125G VANIL SOYIGIT",0.16
202403,"FOOD","WR DORG CRUNCHY PEANUT BUTTER",0.43
202403,"FOOD","QIZIL QUYU QIZILGUL LIMONADI PL 1 LT",0.36
202403,"FOOD","DUZ EKSTRA YODLASMIS 500Q",0.43
202403,"FOOD","BIZIM SUFRE SARIMSAQLI SOUS 250Q",0.24
202403,"FOOD","GULUSTAN DUSES LIMONADI PL 0.5 LT",0.35
202403,"NON-FOOD","DUNYA PLASTIK 2.3 LT SQUARE BASIN",0.45
202403,"FOOD","QIZ BALIQ TEMIZLENMIS , DUZLANMIS 100QR, VAKUM QAB",0.15
202403,"FOOD","GLADE HAVA TERAVETLENDIRICI DALGA VE MAQNO. 300ML",0.57
202403,"FOOD","BEBETO RAINBOW TWIST MARSHMALLOW 60G",0.32
202403,"FOOD","NATSIONAL PREMIUM DUYU ""RIZOTTO"" 500 QR",0.48
202403,"FOOD","PINAR ALMA ETIRLI QAZLI SU SB 0.2 LT",0.35
202403,"FOOD","NK KOSMETIK VAZELIN 40ML",0.34
202403,"FOOD","TEMIZLENMISH CHUPRA BALIGI 800GR",0.41
202403,"FOOD","KENTON QABARTMA TOZU 5LI 10QR",0.19
202403,"FOOD","DIROL X-FRESH MANDARIN 18Q",0.22
202403,"NON-FOOD","ALUMINIUM FOIL ROLL  IN BOX 10M X 29 CM",0.4
202403,"FOOD","KOKOS AG 20G",0.5
202403,"FOOD","ZEDAZENI KREM SODA LIMONADI SB 0.5 LT",0.46
202403,"FOOD","LAYT EYR YAGIS TERAVET HAVA TERAVETLENDIRICI 300ML",0.24
202403,"FOOD","VITEX MASAJ UCHUN KREM ANTISELLULIT 200ML",0.33
202403,"FOOD","MILLA QAYMAQLI KEND QATIGI 6% 1 KQ",0.22
202403,"FOOD","MIRATORQ TOYUQ ETINDEN KOTLET ""PO KIYEVSKI"" 460QR",0.4
202403,"FOOD","ANANAS DUYME 250 Q",0.32
202403,"FOOD","LAPOCHKA KORPELER UCUN SHAMPUN 300 ML",0.28
202403,"FOOD","PLOV BUTA",0.25
202403,"FOOD","UVELKA PASTA PTITIM 450GR",0.49
202403,"FOOD","ROT FRONT SLIVA KARAMEL KQ",0.28
202403,"FOOD","BELOCKA QARA TUM 80QR",0.35
202403,"FOOD","ARIEL WHITE ROSE WASHING POWDER 450GR",0.26
202403,"FOOD","TOYUQ SALATI",0.3
202403,"FOOD","AC SACLARA HECM VEREN SAMPUN 300 ML",0.29
202403,"FOOD","BELOCKA QARA TUM 70QR",0.31
202403,"FOOD","BIZIM TARLA MANQAL SALATI 630QR",0.25
202403,"FOOD","MYAU YUMUSAQ DANA ETI ILE 100G",0.38
202403,"NON-FOOD","NEW CITY COP SIS 25 CM 100 EDED",0.45
202403,"FOOD","ABC YUYUCU TOZ SODA EFFEKTLI EL YUMA 1.8KQ",0.31
202403,"FOOD","FANAT UNLAMA 300Q",0.49
202403,"NON-FOOD","TOP 4 PRO.",0.32
202403,"FOOD","LIBERESSE NORMAL DAILY LINERS GUNDELIK 20 ED MERCU",0.31
202403,"FOOD","ANKARA MAKARON INCE UZUN 500QR",0.22
202403,"FOOD","DANET SUCUK IKLIM DILIMLI LEZZET 250 GR",0.31
202403,"NON-FOOD","MEN T-SHIRT M51658 XL",0.56
202403,"FOOD","HUGGIES ELITE SOFT USAQ BEZI-TUMAN N4 21ED",0.22
202403,"FOOD","GODIVA PLITKA SOKOLAD PORTAGAL 90QR",0.33
202403,"NON-FOOD","MOMENT STOLYAR TAXTA UCUN 125 GR",0.47
202403,"NON-FOOD","TABLE COVER ZG 137CMX20M",0.47
202403,"FOOD","KRAL QIZ QALASI SOSIS 500 QR",0.31
202403,"FOOD","BROT HAUS TOAST BREAD",0.29
202403,"FOOD","SLADENOJ SHOKOLAD VAFLI TRUBOCKA 175QR",0.42
202403,"NON-FOOD","FACKELMANN GLASS COVER 22 CM",0.42
202403,"FOOD","ZOLOTOE KOLSO ARAQ 1 LT",0.37
202403,"FOOD","VEST KREKER PIZZALI 100GR",0.56
202403,"NON-FOOD","**2904HGT HASCEVHER T MUHLER TENCERE 26 SM ",0.45
202403,"NON-FOOD","SLAYM HAZIRLAMA 213",0.42
202403,"NON-FOOD","GILTEKS DOUBLE BED SET GREY",0.33
202403,"NON-FOOD","RSLEE LOL DECOR MUG BPM4822- M203 400ML",0.54
202403,"NON-FOOD","AGAIN SILICON EGG BRUSH",0.41
202403,"NON-FOOD","LADIES TIGHTS 056 SI MISS 20 5NAT",0.36
202403,"FOOD","MEAT QUTAB",0.3
202403,"FOOD","ABC TEMIZLEYICI KREM AMONYAK 750ML",0.31
202403,"FOOD","OZMO SPACE TOP 30 GR",0.38
202403,"FOOD","MCV DIGEST SHOKOLADLI PECHENYE 102QR",0.35
202403,"FOOD","RUBLEV KOLBASA DOKTOR BELKOZIN V/U 450QR",0.34
202403,"FOOD","SCHAR MEHVELI MUSLI GLUTENSIZ 375GR",0.36
202403,"FOOD","SITIY PAPA BLINCIK KESMIK 350 QR",0.39
202403,"NON-FOOD","MEN BOXER WITH BUTTON",0.36
202403,"FOOD","OVQAT SOBA SOSIS PC",0.47
202403,"NON-FOOD","GROSIK QAB TOPTELI 3 EDEDLI DEMIR",0.45
202403,"FOOD","SCHAUMA SHAMPOO 380ML CARBON",0.3
202403,"NON-FOOD","PEN I-067 GEL GREEN",0.51
202403,"NON-FOOD","LADIES TIGHT NUANCE 20 MOCCA 3",0.37
202403,"FOOD","TABASCO SARIMSAQLI SOUS 60ML",0.44
202403,"NON-FOOD","BLANKET KEMIK 100X120",0.48
202403,"FOOD","SANITA ANTIJIR GEL 500ML  MULTYPOWER",0.29
202403,"NON-FOOD","POZAN I-6045",0.45
202403,"NON-FOOD","GP RECHARGEABLE BATTERY 210AAHCE-EB2",0.42
202403,"NON-FOOD","KARANDASH SADE A-2495",0.33
202403,"NON-FOOD","491 AGAIN PLASTIC KITCHEN UTENSILS SET OF 5",0.66
202403,"FOOD","MEYSARI BILLURI ORQANIK AG QURU SARAB 0.75 LT",0.36
202403,"NON-FOOD","OWOM KITCHEN TOWEL SIMPLE",0.47
202403,"FOOD","PEROS YUYUCU TOZ RENGLI CANLI RENGLER 3KG",0.25
202403,"FOOD","VANISH GEL RENGLI PALTARLAR UCUN 1L",0.42
202403,"FOOD","SIRIN ASSORT GIFTBOX RIBBON RED 510G",0.35
202403,"FOOD","DESTE SIYAH ZEY KONFIT BUTUN 500Q",0.29
202403,"FOOD","QIDAM CIYER DONDURULMUS QABDA KQ",0.16
202403,"NON-FOOD","PEARL PARFUME� ""MANGO"" FA1-382",0.45
202403,"NON-FOOD","SOUVENIR MUG 400 ML 365",0.45
202403,"FOOD","AIRWICK HAVA TERAVETLENDIRICI DENIZ DALGASI 290ML",0.6
202403,"FOOD","OLIPS KOLA KONFET 28QR",0.27
202403,"FOOD","SCHOGETTEN SUDLU PLITKA SHOKOLAD 100G",0.44
202403,"FOOD","CASINO CHASSE.BLUE+BLEACH 2X50G",0.35
202403,"NON-FOOD","HASCEVHER STONE 26X6 CM GRANIT DEEP FRYPAN W/LID",0.45
202403,"FOOD","LUBYATOVO QARGIDALI SEHER YEMEYI 300G PAKET",0.31
202403,"FOOD","BONDUELLE DOGRANMIS LOBYA 400 QR",0.44
202403,"FOOD","DUBRAR QAZSIZ SU 19 LT",0.29
202403,"NON-FOOD","YORK SCENTED CLOTH SOJUICY STRAWBERRY 2 PCS",0.37
202403,"FOOD","BELITA EL UCUN KREM BERPA 150ML",0.35
202403,"FOOD","RUD DONDURMA""ESKIMOS""VANILI VE AG SOKOLAD ORTUK70",0.45
202403,"FOOD","XO DEO QADIN NICE GIRL 150ML",0.4
202403,"FOOD","ZIRA OLIVES  YASIL ZEYTUN TUMLU 720ML",0.27
202403,"FOOD","ZIRA OLIVES YASIL ZEYTUN BADAMLI 370QR",0.32
202403,"FOOD","TU YAPISHQANI DENIZ TEMIZLIYI 30 6QR",0.23
202403,"FOOD","TEMIZLENMISH KREVET 70/100 500GR",0.35
202403,"NON-FOOD","YORK TOILET SET TWEED",0.39
202403,"NON-FOOD","BABY HOME SLIPPER GA2KBM.03075.00 21-26/TKM",0.13
202403,"FOOD","ORANGE TEA CAKE BIG",0.39
202403,"FOOD","SLAVYANKA QAZSIZ SU SB 1 LT",0.37
202403,"FOOD","DR BENNER USAQ SEHER YEMEYI MAGIC RINGS 250Q QUTU",0.41
202403,"NON-FOOD","CHILDREN TIGHTS DUZ PAMUK 1-2 YAS",0.59
202403,"FOOD","BREST SERVELAT OREXOVAYA 420 QR",0.38
202403,"FOOD","RUSSKIY AVANQARD LIMITED EDITION ARAQ 1 LT",0.4
202403,"FOOD","NESTLE NESTOGEN 3 SUD QARISIGI (12+ ) QT 700GR",0.15
202403,"NON-FOOD","HOBBY LIFE RATTAN PIN BASKET 2.5 LT 81090",0.52
202403,"FOOD","SPLAT DENTAL FLOSS CARDAMON 30M",0.27
202403,"NON-FOOD","USB CABLE FOR IPHONE KAKU KSC-351",1.08
202403,"FOOD","KEYRA SAC BOYASI 6.82 100ML",0.44
202403,"FOOD","CHIRTON CAM. MAYE YUYUCU QARA PALTAR 1.3L",0.23
202403,"NON-FOOD","OZDILEK ROYAL ZIKZAK 120*180 CARPET BEIGE",0.45
202403,"FOOD","LYUBYATOVA QARAGILELI DENLI BITKILERLE PEC 114QR",0.32
202403,"NON-FOOD","OSRAM LED BULB VALUE CL A60 8W/840 E27 FR",0.41
202403,"NON-FOOD","**QLUX L00541 JUMBO BAG CLIPS",0.6
202403,"NON-FOOD","MAESTRO MR-1642-35 THERMOS 0.35 L",0.5
202403,"FOOD","SESU CREAM DEPIL.HAND ORANGE150ML(250GR)",0.48
202403,"NON-FOOD","ZENKER PIZZA FORM 30 CM",0.51
202403,"FOOD","PAULANER SALVATOR SUSE PIVE 0.33 LT",0.23
202403,"FOOD","PRESIDENT ERIDILMISH PENDIR KOLLEKSIYASI 140QR",0.27
202403,"NON-FOOD","GP AAA ULTRA ALKALINE  24AU-U4 BATTERY",0.5
202403,"FOOD","SIYENEK SOYUQ HISE VERILMISH",0.14
202403,"FOOD","PRESIDENT KREM PENDIR YAGLI 50 GR",0.33
202403,"NON-FOOD","CUTTING BOARD MOLLY 38,5 X 24 CM BLUE AMBITION",0.55
202403,"FOOD","RETRO KONSERVA MAL ETI 525QR",0.26
202403,"NON-FOOD","TITIZ CLEANING CLOTH 6+3 SENSITIVE",0.46
202403,"NON-FOOD","KAHRAMANLAR STEEL COFFEE POT 5",0.12
202403,"FOOD","DR BENNER MUSLI SOKOLADLI 300Q",0.48
202403,"FOOD","STUMBRAS CENTENARY ARAQ 0.5 LT",0.3
202403,"NON-FOOD","(B) 240L ZIBILTORBASI+120LT ZIBILTORBASI",0.44
202403,"NON-FOOD","RSLEE COFFE DECOR MUG BPM4876B- AR138 400ML",0.5
202403,"FOOD","FRUIT KRUTOY MIKS MARMELDA 150G",0.27
202403,"NON-FOOD","LADIES TIGHT NUANCE 20 BRONZ 2",0.35
202403,"FOOD","ABAD ANTEP PENDIRI KG",0.21
202403,"FOOD","CASINO TOOTHBRUSH X4 PACK MEDIUM CASINO",0.3
202403,"FOOD","MAKFA VERMISEL 400QR",0.38
202403,"FOOD","KINDER JOY BOYS 20Q",0.24
202403,"NON-FOOD","DOLL WITH PAMPERS 98002",0.38
202403,"NON-FOOD","WIRE WHIP WITH A WOODEN HANDLE 150",0.43
202403,"FOOD","DURU FRESH BANKA CICEK 4 EDED X100 GR",0.28
202403,"NON-FOOD","MEN SPORT SHOES 40-44 8716 BLACK-GREY-YELLOW",-0.18
202403,"FOOD","DALIN SAMPUN KREMLI 200ML",0.5
202403,"NON-FOOD","DEFA 11.5 INCH DOLL 8215",0.48
202403,"NON-FOOD","YAPISQAN 15 QR AC-G02 ( Q 002)",0.38
202403,"FOOD","KONFIRELLA PECHENYE BURATINO UZUM KQ",0.34
202403,"NON-FOOD","MEN SOCKS 13455 40-44",0.56
202403,"NON-FOOD","CARS JEEP (MANIP)",0.34
202403,"NON-FOOD","""KNOPIK"" EVACUATOR",0.58
202403,"FOOD","ROSHEN WAFERS 216GR COCOA&MILK",0.26
202403,"NON-FOOD","TAC HAPPY KARTON STEKAN 10 LU 0356",0.38
202403,"FOOD","PINAR SUD PROTEIN KAKAOLU 500 ML",0.29
202403,"FOOD","BOULEVARD HOTEL BARXOTKA",0.57
202403,"FOOD","FROSCH QABYUYAN MAYE SITRUS 1000ML",0.21
202403,"FOOD","SANTAL GILEMEYVE SIRESI TP 1 LT",0.38
202403,"FOOD","MALIK PLOMBIR VANILLA 500QR",0.31
202403,"FOOD","RASTISHKA YOGURT BANAN 110GR",0.28
202403,"FOOD","POPKORN DUZLU 80Q...",0.38
202403,"FOOD","FREKEN BOK SUNGER ARZU",0.35
202403,"FOOD","LA MONDE BADAMLI SHOKOLADLI KONFET KQ",0.27
202403,"FOOD","XARLI BAL KG",0.25
202403,"FOOD","HAMAM VE MASAJ SUNGERI OVAL",0.26
202403,"NON-FOOD","MEN SOCKS 13458 40-44",0.35
202403,"NON-FOOD","LA CUCINA MUFFIN FORM SILICONE 33X25CM",0.64
202403,"NON-FOOD","NOX UNIVERSAL KNIFE 15CM CREAM-BLACK - NOX",0.63
202403,"NON-FOOD","TAC JERSEY FITTED CARSAF TAKIMI TK GRI",-0.05
202403,"FOOD","BECHEROVKA LIKOR 1 LT",0.49
202403,"FOOD","ALEV MAYE SABUN YASIL RENGLI 400 ML",0.3
202403,"NON-FOOD","PAPILLA WILMA 26 CM FRYPAN 4.5 MM BLACK GRANITE",0.24
202403,"NON-FOOD","TABLE CLOTH 6198-01 140 ROUND PVC HANGER",-0.21
202403,"FOOD","TU TUALET TEMIZLEYICISI SITRUS 38.6QR",0.3
202403,"NON-FOOD","TACH KARDON PIPET 25ED 5026-0264",0.39
202403,"NON-FOOD","KETTLE MESKO MS 1236C 0.6LT BLACK",0.14
202403,"NON-FOOD","TV LED TCL 40S65A",0.31
202403,"NON-FOOD","STAR MICROPHONE (LULENKI)",0.38
202403,"FOOD","HICAZ DONMUS FILE QABDA KG",0.25
202403,"FOOD","PALMOLIVE DUS GELI MASAJ EFFEKTLI 250ML",0.19
202403,"FOOD","GARNIER UZ UCUN KREM BOTAN YAGLI DERI YAS CAY 50ML",0.49
202403,"NON-FOOD","IRAK PLASTIK 1M BALCONY FLOWER POT QEHVEYIUS-800",0.36
202403,"NON-FOOD","SAPRAY QADIN MAYKA QARA S",0.61
202403,"FOOD","OVEN REGION TRUFEL N1",0.29
202403,"FOOD","NESTI DANTE PORTOFINO SABUN 250GR",0.47
202403,"NON-FOOD","LADIES TIGHT BIKINI 20 MOCCA 3",0.38
202403,"NON-FOOD","**BULB 4W/827 E27 R63",0.36
202403,"FOOD","LOSK AVT YUYUCU TOZ 1.35KG DAG GOLU",0.27
202403,"FOOD","XORTICA ABSOLUTE ENERGY ARAQ 0.7 LT",0.41
202403,"NON-FOOD","COPY BOOK 12 SH LINE A5 248",0.38
202403,"FOOD","STRIJ RESERVE ARAQ 0.7 LT",0.29
202403,"FOOD","AXE DEO STICK DERI VE CEREZLER 50 ML",0.4
202403,"FOOD","FRUMY BANAN ETIRLI USAQ SAMPANI SB 0.75 LT",0.35
202403,"FOOD","CHABIANT CEHRAYI SARAB 0.75 LT",0.36
202403,"FOOD","EUPHORIA KLASSIK YULAF PECENYE KQ",0.43
202403,"FOOD","AMERICAN GARDEN TABASCO 58ML",0.38
202403,"FOOD","LAKME COLLAGEMIX SAC ACICI 0/02",0.27
202403,"FOOD","BOULEVARD HOTEL CHOCOLATE RICH CAKE PC",0.29
202403,"FOOD","YONCA BALACA AG BIBER TURSU 370QR",0.69
202403,"NON-FOOD","MT-02 MEN T-SHIRT WITH LONG SLEEVES M",-0.99
202403,"NON-FOOD","1702 MONEY BOX",0.39
202403,"NON-FOOD","OSRAM LED BULB VALUE CL B60 7W/830 E14 FR",0.39
202403,"NON-FOOD","**BONITA NYLON PASTA SERVER",0.51
202403,"FOOD","SIMILAC KLASSIK 3 SUD QARISIGI (12+ ) QT 300GR",0.17
202403,"NON-FOOD","DESIGNER-TRANSPORT ENGINE (25 ELEMENTS)",0.6
202403,"FOOD","BANU CICEK USAQ SOSISI PC",0.21
202403,"NON-FOOD","FUNCTION RC OIL TANK TRUCK WITH LIGHT,BATTERYUSB",0.86
202403,"NON-FOOD","WMNS CLASSIC CORTEZ NYLON PINK/WHT/38",-0.74
202403,"FOOD","MR.DJEMIUS CEM VISNE 270GR",0.31
202403,"NON-FOOD","LADIES STOCKINGS ESLI IRIS 20 NERO 2PAIRS",0.44
202403,"FOOD","VATIKA SAC YAGI SARIMSAG 200 ML",0.52
202403,"NON-FOOD","SOUVENIR MUG 400 ML 251",0.44
202403,"FOOD","EVELINE GOZALTI ORTUCU 2IN1 N05",0.4
202403,"NON-FOOD","KIDS PIJAMA SET 4336A 4",0.08
202403,"NON-FOOD","CATAPULT TRACK WITH 4PCS CARS",0.4
202403,"NON-FOOD","STEAM IRON BGSI 2200",0.43
202403,"FOOD","PERWOLL YUYUCU GEL AG PALTAR UCUN 2L",0.36
202403,"NON-FOOD","KERAMIKA QIZ-OGLAN (BALACA)",0.47
202403,"NON-FOOD","MERIDA-SPOON 3 PCS",0.58
202403,"FOOD","VEST KREKER DUZLU 150GR",0.56
202403,"FOOD","PALETTE ICC 12-21 GUMUSU KUL SARISIN",0.34
202403,"FOOD","DALIN KORPELER UCUN KREM SEPKIYE QARSHI 100ML",0.3
202403,"FOOD","KAANLAR PENDIR MOZZARELLA 200GR",0.35
202403,"NON-FOOD","JAN-300 STRECH FILM 30 MT",0.55
202403,"FOOD","DF ISLAK MENDIL ROSE",0.4
202403,"FOOD","KLEE DISHWASHING LIQUID MINT/ALOE 1L",0.31
202403,"NON-FOOD","COOKER FRUIT PRESS SMALL SIZE",0.55
202403,"NON-FOOD","HAIR CLIPPER SET MAESTRO MR-655C BLACK",0.58
202403,"NON-FOOD","MAESTRO MR-10016-23 CUP 340ML (MIX)",1.04
202403,"FOOD","LOSK COLOR YUYUCU GEL 1.3L",0.39
202403,"NON-FOOD","223-ID BOY JACKET",0.15
202403,"NON-FOOD","HEDIYYELIK",0.46
202403,"NON-FOOD","PLATE SPOON SHAPE D BURNED 35C",0.54
202403,"FOOD","LEBLEBI SHEKERLI AG KG",0.29
202403,"FOOD","GR LIPS LINER DREAM LIPS  ? 501",0.51
202403,"NON-FOOD","SIMPLE SOFT LUGGAGE RED 58 SM",-0.61
202403,"FOOD","NEM SALFET LOVULAR 96 ED/PK",0.28
202403,"FOOD","SWISS IMAGE PILINQ EDEN YUMSAQ SKRAB 150ML",0.34
202403,"FOOD","ABAD FITO SOUS SALATLIQ 250QR",0.16
202403,"NON-FOOD","MOMENT DERI VE ZAMIS UCUN 30 ML",0.56
202403,"FOOD","DELISIYA BISKVIT ROJDESTVENSKI OLEN 750QR",0.15
202403,"FOOD","PALETTE ICC SAC BOY WN3 QIZILI QEHVE.",0.28
202403,"FOOD","MYASNOY SOYUZ MAL ETI KONSERVASI ELA NOV 325QR",0.39
202403,"FOOD","HERO DIETIK JEM ERIK 280G",0.35
202403,"FOOD","KOMMUNARKA LUCKY CHUCKY FINDIQLI KONFET KQ.",0.46
202403,"FOOD","ULKER BEBE SUTLU PECENIYE QT 800GR",0.19
202403,"FOOD","CLAS.90G NAPOLIT. LOACKER",0.17
202403,"NON-FOOD","WOODEN CUTTING BOARD 012",0.4
202403,"NON-FOOD","PLACEMAT PV DIA 35CM 4ASS CLR",0.57
202403,"FOOD","PINAR FALAFEL 420GR",0.28
202403,"FOOD","DOMASHNIE RAZNOSOLI QABAQ KURUSU 510 Q",0.53
202403,"NON-FOOD","BLOKNOT XY8860",1.07
202403,"NON-FOOD","R/C DRONE WITH ALTITUDE HOLD",0.32
202403,"NON-FOOD","A534 AH TOYUQLU SOSISLER IT UCHUN 80 Q",0.3
202403,"NON-FOOD","LADIES TIGHT SOLO 20 SHADE 3",0.4
202403,"NON-FOOD","AUTOMIX SEAT PROTECTOR 9550",0.58
202403,"NON-FOOD","DUNYA ATLASI",0.35
202403,"NON-FOOD","LENT GUMUS-QIZIL 0.5 SM",0.26
202403,"NON-FOOD","3009 SPORT SHOES HAKI PALET",0.47
202403,"FOOD","CEDEVITA 105ML",0.36
202403,"NON-FOOD","MEN JOGGERS FCX-517-377 GREY M",0.34
202403,"NON-FOOD","LADIES PULLS 32816 KHAKI SM",-0.5
202404,"FOOD","FRUCTIS SAMPUN-YAG QURU SACLAR UCUN 250ML",0.55
202404,"NON-FOOD","CHILDRENS SOCKS 33251 9 YR",0.39
202404,"FOOD","GULUSTAN PORTAGAL LIMONADI PL 2 LT",0.34
202403,"FOOD","SPACE-X ARAQ 1 LT",0.43
202403,"NON-FOOD","ELEGANT KILIM 2053A 80X150",0.1
202403,"NON-FOOD","ZAMBAK LARGE MOP REFILL",0.37
202403,"NON-FOOD","REACTIVE 72 TURKUAZ DINNER SET 24 PCS",0.37
202403,"FOOD","ABC YUYUCU TOZ AVT RENGLI 4KQ",0.28
202403,"NON-FOOD","YAPISQAN I-125 8 QRAM",0.37
202403,"NON-FOOD","RA-49 TIGHTS 60DEN(01)128-134",-2.29
202403,"NON-FOOD","DEFA 9 INCH DOLL 8282",0.36
202403,"NON-FOOD","LOUISON LONDON TOPAZ BOWL 16CM Q1564",0.43
202403,"NON-FOOD","PARTY FUN LATEX BALOON IT'S BOY",0.49
202403,"FOOD","DERMOKIL GUL SULU MESAME YIGICI TONIK 200 ML",0.4
202403,"NON-FOOD","PLACEMAT PV DIA 41CM 4ASS CLR",0.64
202403,"NON-FOOD","LADIES PULLS 32671 ANTRACITE ML",-2.55
202403,"NON-FOOD","PANASONIC CORDLESS PHONE KX-TGB210UAB",0.35
202403,"NON-FOOD","WASHING MACHINE LG F2V5HS9B",0.31
202403,"NON-FOOD","TRENDY K.LILA PECETE 30*30",0.43
202403,"NON-FOOD","POZAN I-5465",0.34
202403,"NON-FOOD","BK1690 OTVERTKA DESTI 6-LI",0.35
202403,"NON-FOOD","137 VINNI PUX YUMSAQ",0.46
202403,"NON-FOOD","KITCHEN SET",0.32
202403,"FOOD","CHIKASPORT TUND SOKOLAD FINDIQLI 100GR",0.3
202403,"FOOD","GRN BOTANIC THERAPY SAC BALZAMI BAL VE PROP. 200ML",0.52
202403,"FOOD","ABSERON SAFFRON ZEFERANLI PORTAGAL MUREBBESI 125G",0.33
202403,"NON-FOOD","ENERGIZER LITHIUM CELL.CR2016 FSB - 1 BATTERY",0.52
202403,"NON-FOOD","GILTEKS CRETON BED SET SINGLE SARMASIQ",-0.13
202403,"FOOD","ABC YUMSALDICI KONDISIONER SEVGI 2000QR",0.25
202403,"NON-FOOD","GOLD EXPRESS SHINING SPONGE WITH DEPOT BLACK 6ML",0.47
202403,"NON-FOOD","DUNYA PLASTIK TRANSPARENT COV BOWL 4.5 LT",0.5
202403,"FOOD","PANTENE SAMPUN 3 IN 1 KLASSIK TEMIZLIK 600ML",0.16
202403,"FOOD","H&S SAMPUN BALZAM 2/1 HAMAR VE IPEK SACLAR 400ML",0.13
202403,"FOOD","ZEYTUN YAGI ZEUS OIL PET 500ML",0.33
202403,"FOOD","EVIM GUNEBAXAN YAGI 5 L",0.22
202403,"FOOD","SAVILLE MAKARON QELEM KESME 500Q",0.24
202403,"FOOD","SENSOY PREMIUM SOYA SOUS 220ML",0.52
202403,"FOOD","HEINZ FRUIT PURE GRANATE 4M+ 80G",0.26
202403,"FOOD","ROSHEN WAFERS VAFLI FINDIQ 72QR",0.25
202403,"FOOD","LYUBIMIY UZUM DUET SIRESI TP 1.93 LT",0.2
202403,"FOOD","DALIN YUMSALDICI LAVANDA 1.2 ML",0.32
202403,"FOOD","RUBAI MEDRESE ALKOQOLSUZ QIRMIZI SARAB 0.75 LT",0.42
202403,"NON-FOOD","LADIES TURTLENECK 11602 PINK XL",-0.32
202403,"NON-FOOD","CURL STRAIGHTENER PANASONIC EH-HV11-K865",1.47
202403,"NON-FOOD","ITALIANA MIC 70 SHEER TIGHTS",0.37
202403,"NON-FOOD","SHOPPING BAG",0.34
202403,"NON-FOOD","KIDS OPAQUE TIGHTS RA-47/04/RJA/104-110",-2.38
202403,"NON-FOOD","177-34 FRAME",0.42
202403,"NON-FOOD","HOBBY LIFE ALASKA NO-FROSK STORAGE BOX 21157",0.53
202403,"NON-FOOD","RSLEE 400ML ANIMAL DECOR MUG IN GB 5014-AR108",0.57
202403,"NON-FOOD","SCENTED CANDLES PACK OF.6 15-63 (A.6) ORANGE",0.43
202403,"FOOD","LINDT TEDDY SUDLU SHOKOLAD 100QR",0.36
202403,"NON-FOOD","MEN T SHIRTS W LONG SLV FC 517 378 2 XL",0.05
202403,"FOOD","EVELINE DODAQ PARILDADICI 3D HOLOQRAFIK BRILLA N72",0.39
202403,"NON-FOOD","MEN T-SHIRT M52079 M",0.51
202403,"FOOD","RUD DONDURMA ""NOSTALGIYA"" 70GR",0.45
202403,"NON-FOOD","LADIES TIGHT SILVER PARTY NERO/SILVER 07 S 20D",-2.02
202403,"FOOD","TONIKA SAC TONLASDIRICI BALZAM 9.05 150ML",0.33
202403,"NON-FOOD","DUNYA PLASTIK 40 LT SLIM PEDAL DUSTBIN",0.55
202403,"NON-FOOD","SERENE(ERK) MAVI HAVLU 50*80",0.53
202403,"NON-FOOD","AUTOMIX CARPET TRUNK ORGANISER",0.38
202403,"FOOD","QEBELE SAPERAVI QIRMIZI K/TURS SARAB 0.75 LT",0.25
202403,"NON-FOOD","LADIES PULLS 35811 GREY SM",-2.11
202403,"FOOD","LENOR DENIZ MINERALLARI PALTAR YUMSALDICISI 1.785L",0.21
202403,"NON-FOOD","J107 HJ KANARYA YEMI 500 QR (1X14)",0.45
202403,"NON-FOOD","KAIBIBI 11.5''FASHION DOLL-THE PRINCESS SERIES",0.44
202403,"FOOD","OVEN COBANYASTIGI QARA KQ",0.53
202403,"FOOD","1528 NESTLE 6 AY SUDLU DUYU SIYIQI 9X250 GR",0.39
202403,"FOOD","CAPRI-SONNE COLA MIX SIRESI PKT 0.2 LT",0.33
202403,"FOOD","QUZU QUYRUQ(A)",0.26
202403,"NON-FOOD","RECORDING DINOSAUR TORCH WITH LIGHT AND MUSIC",0.39
202403,"NON-FOOD","CONSTRUCTOR ""YOUNG TRAVELLER"" HELICOPTER 11PCS",0.53
202403,"NON-FOOD","SAGLAM 1 NO PAPATYA FLOWER POT 2,4 LT TEAK",0.49
202403,"NON-FOOD","MIKROFON 8081",0.43
202403,"NON-FOOD","ELEGANT RECTANGULAR FOOD SAVER 1,2L+1,8L+2,7L",0.39
202403,"NON-FOOD","PHIX CHILDREN CANVAS RIO BLACK 31-35",0.34
202403,"NON-FOOD","SEOWOOD WOODEN MULTI PURPOSE MODULAR SHOES 4 SHELV",0.27
202403,"NON-FOOD","AMBITION RECT. PALM BASKET 20X14X6 CM MIX COLOURS",0.46
202403,"NON-FOOD","LADIES PYJAMA 22058-A ASSORTED 6",0.63
202403,"FOOD","CLASSIC BITT CHOCOLATE 90G NOWA",1.05
202403,"NON-FOOD","LADIES CYCLING SHORTS INDIGO FCW-444 XL",0.13
202403,"FOOD","RUSSKIYE TRADITSIYI SIBIRIN SIRLERI DUS GELI 400ML",0.49
202403,"NON-FOOD","GAME MISTAKOS LEVEL UP",0.43
202403,"FOOD","BEBI PRM MILK WHE/RICE/RASPB/CHE 6+ 200G",0.32
202403,"NON-FOOD","ISIQLI MASIN 5929",0.41
202403,"NON-FOOD","SLEEVE AND TILT WITH RUBBER AAA476",0.43
202403,"FOOD","FROZZY KORNET CEMLI 85 QR",0.43
202403,"FOOD","OLA RAMSHKALI AYLIQ BEZ 10ED/24",0.3
202403,"NON-FOOD","BOY BOXER ASSORTED 3LU F3105-6 11-12 YR",0.35
202403,"FOOD","BIZIM SUFRE ZENCEFIL SOUSU 250QR",0.29
202403,"NON-FOOD","TOILET BRUSH WITH KNIT DESIGN (11,5X40 CM)",0.44
202403,"NON-FOOD","TRASH BAGS GREEN 10 BAGS PER ROLL 82*95 100LT",0.36
202403,"NON-FOOD","RENGLETEBASIRI NAGILLAR RUSCA-REPKA N2",0.36
202403,"FOOD","BOUNTY",0.26
202403,"NON-FOOD","LADIES PULLS 32816 G.MELANJ ML",-2.06
202403,"NON-FOOD","STEREO EARPHONE YH23",0.45
202403,"NON-FOOD","LADIES PAJAMA PANTS FC 17W13 1 S",0.27
202403,"NON-FOOD","UZUN PATIK 182-LEO",0.71
202403,"NON-FOOD","KOOPMAN CHAMPAGNE GLASS SET 6PCS 190ML",0.46
202403,"NON-FOOD","LUMINARC ZOOM WHITE H/B TUMBLER 270 ML",0.46
202403,"NON-FOOD","GIRL T-SHIRT B5371 146-152",-0.02
202403,"NON-FOOD","MINI MASIN BTG-046",0.34
202403,"FOOD","SEMENI",1.01
202403,"FOOD","(B)JACOBS MONARCH 190QR+35QR",0.42
202403,"FOOD","SHOKOLADNAYA MAGIYA SHOKOLADNIY BROWNIE KG",0.48
202403,"FOOD","BIBIKASA 5 AY YUXARI QARGIDALI SIYIGI 200GR",0.22
202403,"FOOD","STRIJ RESERVE ARAQ 1 LT",0.29
202403,"NON-FOOD","HOBBY LIFE 011200 MINI DUSTBIN 1.5LT",0.52
202403,"NON-FOOD","DOGLEASH AUTOMATIC 8MTR 3ASS",0.62
202403,"FOOD","BISMAK BON VOSTOK SEKERLI PECENYE KQ",0.36
202403,"NON-FOOD","SMART LIQUID SHOE POLISH 80ML+SMART SPONGE",0.41
202403,"NON-FOOD","BT097 KIDS UNDERWEAR",0.43
202403,"FOOD","(B)UVELKA YUM DUYU YARM KRAS 800G+UVEL MAN KR 700Q",0.25
202403,"NON-FOOD","BOY BOXER 6202 7.9",0.4
202403,"NON-FOOD","BOY UNDERSHIRT ATLET WHITE A3001-3 5-6 YR",0.25
202403,"NON-FOOD","MIXING BOWL 2L WITH LID , 21 CM",0.46
202403,"FOOD","HUNNAP KECI SUDU ILE KLASSIK PECENIYE 6+ PKT 40GR",0.28
202403,"FOOD","DIMOV ZERN POLUS CIY H/V VAK 300 QR*",0.27
202403,"NON-FOOD","172 AGAIN FISH SOAP HOLDER",0.57
202403,"FOOD","WR CI ORG GARLIC GRANULES65G",0.37
202403,"NON-FOOD","LADIES HOME SLIPPER GT1YZM.01856.00 36-40",0.41
202403,"NON-FOOD","QAIME 2-KOPYALI 935 50 VEREQ (10.5X16.5)",0.43
202403,"NON-FOOD","WINTER BOSTON HAT 300085",0.1
202403,"NON-FOOD","LUCH BOYA AKRIL 12 RENG",0.37
202403,"NON-FOOD","LADIES HOME SLIPPER GA7KTE.03217.00 36-41/TKM",-0.06
202403,"NON-FOOD","BABY JEANS 2827-ZENI 6-24 AY",0.38
202403,"NON-FOOD","COFEE MAKER TEFAL AUTO TCM BLACK",0.21
202404,"FOOD","PRESIDENT CHEESE SPREAD MUSHRO 45% 150GR",0.23
202404,"FOOD","MILKA PECENYE 150QR",0.35
202404,"FOOD","PO STAROY TRADISII GERKULES ENENEVI 350Q QUTU",0.34
202403,"NON-FOOD","HEREVIN 660 CC PROVISIONS JAR-WHITE-RED HANGER",0.53
202403,"NON-FOOD","235 AGAIN PLASTIC EGG BEATER",0.37
202403,"NON-FOOD","ADONIS KIDS SHEER TIGHTS",0.38
202403,"FOOD","ECO SHAMPUN SAC UCUN BALANS 250ML",0.61
202403,"FOOD","FANTA PORTAGAL PL 2.5 LT",0.23
202403,"NON-FOOD","HER KES ESNEYIR",0.4
202403,"NON-FOOD","LADIES TIGHT FLASH&BLACK NERO 02 M 60D",-2.17
202403,"NON-FOOD","PARTY FUN LATEX BALOON GOLD",0.46
202404,"FOOD","TODAY SNOWBALL KEKS KAKOSLU 50G",0.47
202404,"FOOD","PERSIL YUYUCU TOZ AVT YAZ TERAVETI 4.5KQ",0.3
202403,"FOOD","(B)CARTE DOR SLC BLACKFOREST CAKE850GR+ALGIDA750G",0.18
202403,"FOOD","PETRODIET YULAF KEPEYI 200G",0.35
202403,"FOOD","GOLDEN ROSE LACQUER COLOR EXPERT 79",0.42
202403,"FOOD","OZBEK MANTI 500GR",0.15
202403,"NON-FOOD","SAMSUNG SM-A127 3GB/32GB BLUE",0.16
202403,"FOOD","GODIVA TUND SOKOLAD 72% 90QR",0.26
202403,"NON-FOOD","QLUX L00570 CIRCULAR FOLDING STRAINER 29.5X23X3SM",0.6
202403,"NON-FOOD","ALBAYRAK SALOON TRAY NO:2 1720 300X395X26",0.31
202403,"NON-FOOD","**ECO BOTTLE OPENER DISPLAY BOX",0.03
202403,"NON-FOOD","CARSAF FIT.YST. RF 120*200 YESIL TRENDY",-0.37
202403,"NON-FOOD","BABY PANTS 11584-M 0-18 MNTH",0.08
202403,"NON-FOOD","QARAJ 0847",0.37
202403,"NON-FOOD","KSF FIRE HUT WITH RAIL ALLOY FIRE TRUCK",0.54
202404,"FOOD","LEZIZ CEREZ XURMA FELESTIN 900QR",0.34
202403,"NON-FOOD","SAPRAY QADIN MAYKA BEJ S",0.63
202403,"FOOD","LAYT EYR OKEAN HAVA TERAVETLENDIRICI 300ML",0.32
202403,"FOOD","NID SARIKOK SUSE 100Q",0.3
202403,"NON-FOOD","TIKISH AKSESUARLAR 8",0.26
202403,"NON-FOOD","KLOZET TAK. ABIYE DANTELA OVAL MAK.AQUA",0.22
202403,"FOOD","ARAQ KREMLIN KLASSIK 0.5L",0.23
202403,"NON-FOOD","KARANDASH 20RENG +3 GRIP 201747 FABER CASTELL",0.38
202403,"FOOD","(B)4 AMSTEL PREM PILSENER SUSE PIVE 0.45 LT+STEKAN",0.2
202403,"FOOD","BANANLI DONDURMA 1 SCOOP",0.25
202403,"FOOD","TEBII NEMET SARIKOK 80QR",0.29
202403,"FOOD","UVELKA YUMRU DUYU YARMA KRAS 800G+NX QERKUL 400G.",0.24
202404,"FOOD","PANTENE SAC TOKULMESINE QARSI QULLUQ KREMI 200ML",0.33
202404,"FOOD","CIKO ILDIRIM QARA TUM 60QR",0.4
202404,"FOOD","SAVUSHKIN CURD XUTOROK 9% 200GR",0.24
202403,"NON-FOOD","AMBITION TEA JUG WITH INFUSER 0.6L-LUX",0.41
202403,"FOOD","CIKOROFF CAPPUCCINO FRUKTOZA BANKA 200G",0.25
202403,"FOOD","ABAD PELMENI TOYUQ ETINDEN 420 QR",0.2
202403,"NON-FOOD","HEATER QUARTZ AD 7709",0.16
202403,"FOOD","MR.DJEMIUS CEM ERIK 270GR",0.38
202403,"NON-FOOD","IPLER IDEAL BOYUK",0.31
202403,"NON-FOOD","PYREX OVAL ROASTER 35X24 411B",0.21
202403,"FOOD","CHISTAYA LINIYA SAC BALZAMI NEMLENDIRICI 200 ML",0.3
202403,"NON-FOOD","LADIES SHIRT 25914 BLUE S",-1.52
202404,"FOOD","UVELKA YASIL QARABASAQ 450GR",0.32
202404,"FOOD","ORBIT BERRIES MIX 14G",0.2
202404,"FOOD","SELPAK METBEX KAGIZI 4 EDED",0.27
202404,"FOOD","SMILE NEM SALFET NAR VE BEYAZ CAY 15ED",0.28
202404,"FOOD","FINAL MARQARIN YAG 250QR",0.18
202404,"FOOD","BOSTAN GILAS KOMPOTU 1 LT",0.16
202404,"FOOD","BONAQUA QAZSIZ SU PL 1 LT",0.33
202404,"FOOD","OSKAR LE GRAND MASSIV PLITKA QARA SOKOLAD 82G",0.5
202404,"FOOD","KAM SALAM HINDI MACAR DILIM 200QR",0.31
202404,"FOOD","BALQABAQ TUMU 150 Q",0.3
202404,"FOOD","BAGDAT HAMUR KABARTMA TOZU 10 GR 1X30",0.39
202404,"FOOD","KOLBASA PAYIM LUBITELSKAYA KQ",0.31
202403,"NON-FOOD","LADIES TIGHT ACTIVE 20 NATURAL 5",0.42
202403,"FOOD","ALIX EKO 5.6 HAIR COLOR",0.22
202403,"NON-FOOD","LADIES TIGHTS SOLO MOCCA 40 DEN 4",0.39
202403,"NON-FOOD","PHIX NAVY BLUE-ORANGE MEN LOW ANKLE 1610M 40-44",0.21
202403,"FOOD","(B)BONFESTO MASCARPONE 500G+MOZZARELLA PIZZA 370G",0.37
202403,"NON-FOOD","WATER GLASS 570ML 95XH120MM",0.48
202404,"FOOD","BISMAK PECENYE VANILLI/KREMLI 90 G",0.44
202404,"FOOD","LOVE DAY KISEL SHAFTALI 30QR",0.49
202404,"FOOD","(B) GLISS KUR SHAMP 400 ML+ GLISS KUR BALZAM200 ML",0.28
202404,"NON-FOOD","ROOC TITANIUM BREAD KNIFE",0.34
202403,"FOOD","CHERNOGOLOVKA BAYKAL LIMONADI SB 1 LT",0.29
202403,"FOOD","GR DODAQ QELEMI ARZULANAN DODAQLAR  N504",0.44
202403,"NON-FOOD","FUNCTION RC DUMP TRUCK WITH LIGHT,BATTERY USB",0.33
202403,"NON-FOOD","POWER BANK 10000 MAH DLP9001NB",0.4
202403,"FOOD","SAH CAY EKSTRA BUKET 100QR QUTU",-0.75
202403,"NON-FOOD","BLANKET INCI A.BEJ 220X240",-0.97
202404,"FOOD","BIZIM TARLA SOYULMUS POMIDOR 660G",0.19
202404,"FOOD","BELAYA KOROVA KERE YAGI 82.5% 400GR",0.22
202404,"FOOD","WANT NANO SILVER SIQARET",0.17
202404,"FOOD","DONDURMA ""PODSNEJNIK"" VAFLILI STEKAN 60G",0.59
202404,"FOOD","VUGMA ISTIOT DIRI KQ",0.35
202404,"FOOD","MILCH HAUS TILSITER PENDIR 1KG",0.36
202404,"FOOD","COLGATE DIS FIRCASI USAQLAR UCUN 2-9 YAS",0.22
202404,"FOOD","LUKAS KONFET WOMENS CAPRICE TIRAMISU KQ",0.27
202403,"NON-FOOD","MILITARY HELICOPTER",0.6
202403,"FOOD","BAL AYI TEBII DAG BALI 410QR SUSE",0.44
202403,"NON-FOOD","MEAT GRINDER KENWOOD MG474",0.26
202403,"NON-FOOD","KIDS OPAQUE TIGHTS RA-69/03/GRF/104-110",-2.37
202403,"NON-FOOD","50X90 JAQARLI 450 QR MEDIUM COLOR",0.05
202403,"NON-FOOD","MEN JEANS MIX MODEL 1",-0.48
202403,"NON-FOOD","LADY PYJAMA C-840004 NAVY 4",-0.17
202404,"FOOD","HOBBY PEARL TOUCH ORCHID LIQUID SOAP 1,8LT",0.2
202404,"FOOD","FAIRY QABYUYAN MAYE LOSYON TERKIBLI 750 ML",0.13
202404,"FOOD","NIVEA SPRAY DEO KISI ANTISTRESS MU150ML",0.23
202404,"FOOD","XLEBTSI MOLODSI FITNES MINERAL 100G",0.41
202404,"FOOD","RB PEHRIZ KESMIK 200 QR",0.31
202404,"FOOD","BARILLA SPAGHETTINI N3 450QR",0.28
202404,"FOOD","QINYETOGULLARI CICEK BALI 140QR",0.24
202404,"FOOD","VENUS SIMPLY BIRDEFELIK ULGUC 2 EDED",0.28
202404,"FOOD","CHINAR ARAQ 0.375 LT",0.3
202403,"NON-FOOD","PURE BOX ACTIVE SQU 122CL+LID",0.53
202403,"NON-FOOD","BIO BOWL 5 PCS 325 ML",0.38
202403,"NON-FOOD","**SPORTS BOTTLE WITH HANGER -PC 0.5 LT RIGA",0.47
202403,"NON-FOOD","K2713-02 GENTS HATS SIYAH",0.19
202403,"NON-FOOD","CUTTING BOARD SQUARE 20-37",0.43
202403,"NON-FOOD","KVILLINQ LORI PANNO KVL010",0.1
202403,"FOOD","ABAD SIRNI AG SOKOLAD FINDIQ DRAJE 200QR",0.22
202404,"FOOD","FULL BLUE ICKI MB 0.25 LT",0.33
202404,"FOOD","XURMA TUNIS 250 Q",0.27
202403,"FOOD","VOLSHEBNIY KRAN ARAQ 0.7 LT",0.5
202403,"NON-FOOD","GIRL WINTER SET 0-18 M PRINCESS",0.5
202403,"NON-FOOD","GARAGE 566-14",0.39
202403,"NON-FOOD","BN 0702-YALANCI KESIK EMZIK SEFFAF N2",0.38
202403,"NON-FOOD","K2440-03 LADIES GLOVES KIRMIZI",0.11
202403,"NON-FOOD","MEN POLO LONG SLV SLM-104 9 L-XXL",-1.3
202403,"NON-FOOD","PROMO FRESH BOX FOOD STORAGE CONTAINER 1LT LC525",0.36
202403,"NON-FOOD","YAS.KILIFI STD RF IKILI BEYAZ OTEL",-1.19
202404,"FOOD","NID ISTIOT QARA (UYUDULMUS) 10Q",0.37
202404,"FOOD","YASNAYA POLYANA KREK PENDIR KQ",0.42
202404,"FOOD","LESNOY BALZAM DIS FIRCASI COMPLETE CARE MD BL FM",0.39
202403,"FOOD","CAS BUBBLE BATH FLOWER FRAGANCE 750ML",0.18
202403,"FOOD","BISMAK WAFLIM SUDLU KREMLI 170QR",0.36
202403,"NON-FOOD","(PR)BOWL TEMP.(310MM)STICKER OB.(HAZE)",0.3
202403,"NON-FOOD","BOYS PYJAMAS SETS FC 517 357 V3 1 122",0.39
202403,"FOOD","UTYONOK USAQ KREMI 75ML",0.29
202403,"FOOD","PRIPRAVIC EDVIYYAT PIZZA UCUN 35GR",0.27
202403,"NON-FOOD","(PR) STEMWARE (WATER-290CC)GB.OB. 794961",0.43
202403,"FOOD","CENNET DOKTOR BOY HEDIYYELI",1.04
202404,"FOOD","GARNIER MISELYAR SUYU QIZILGUL TERKIBLI 400 ML",0.22
202404,"FOOD","GOLDEN ROSE LACQUER COLOR EXPERT 02",0.43
202404,"FOOD","CHUDO SIROK 23% VANIL 40QR",0.36
202404,"NON-FOOD","MEN BOXER PREMIUM L",0.36
202403,"NON-FOOD","HIGHCHAIR MARCEL BLUE BABY FOX",0.31
202403,"FOOD","EVELINE MAKIYAJ UCUN BAZA HAMARLASDIRICI",0.39
202403,"NON-FOOD","KOOPMAN ANIMAL PV SET 22PCS 4ASS",0.48
202403,"NON-FOOD","SUVENIR",0.46
202404,"FOOD","BAKI KS SIQARET",0.19
202404,"NON-FOOD","MICROFIBER CLOTHS SET AZUR 5PCS",0.25
202404,"FOOD","BEST COW KIDS KERE YAGI 200QR",0.24
202404,"NON-FOOD","12OZ SOFT TOUCH MUG WITH 2 COLOURS",0.56
202404,"FOOD","HARIBO HAPPY COLA 80QR",0.27
202404,"FOOD","PASTA REGGIA FUSILLI TRICOLORE 500QR",0.32
202404,"FOOD","WINSTON BLUE SIQARET",0.16
202403,"FOOD","PRT SANDEMAN QIRMIZI QARISIQ UZUM NOVU 0.75L",0.44
202403,"NON-FOOD","GLASS DEVIDED VAZE FOR NUTS ON STAND D-53",0.4
202403,"NON-FOOD","TWISTER",0.54
202403,"NON-FOOD","LADY STONELY CAP Y2400-08",0.49
202404,"FOOD","TIDE YUYUCU TOZ AG VE RENGLI PALT. LAVANDA 1.35 KG",0.21
202404,"FOOD","KONFIROM BOURBON SUDLU SHOKOLAD KG",0.29
202404,"FOOD","MAMAM BAKERY BULKA UREK",0.51
202404,"FOOD","ALPENGOLD AERATED TUND 80QR",0.3
202404,"FOOD","QAYMAQ ERIDILMIS KERE YAG 1KQ",0.24
202404,"FOOD","YUVA MAYA 100G OZMAYA",0.26
202404,"FOOD","KOTEX P.LINERS LUX NORMAL DEO 60PCS",0.2
202404,"FOOD","FANAT OVCU KOLBASA SUXARI 65QR",0.3
202404,"FOOD","CHAMPION CEYLON PEKOE QARA CAY 1KG",0.25
202403,"FOOD","QRILE VERILMIS BIBER GUNEBAXAN YAGINDA 290QR.",0.35
202403,"FOOD","OVEN REGION SIMIT COREK",0.3
202403,"NON-FOOD","074 SISI MISS 40 2/DAI",0.42
202403,"NON-FOOD","MUSICAL RASPBERRY-SURPRISE",0.34
202403,"NON-FOOD","E163.F.000 EVA SANDALS",1.06
202404,"FOOD","MILLI DAD SIQARA BOREYI",0.48
202404,"FOOD","RED BULL ENERJI ICKISI SHEKERSIZ MB 0.25 LT",0.2
202404,"FOOD","ELSEVE SAC UCUN MASKA DLINA MECTI 300ML",0.43
202404,"FOOD","BOMBBAR PROTEIN BATON FISTIQ PLOMBIR 60G",0.43
202404,"FOOD","VINNI WITH MILK 5 CEREALS APPLE & BLACK-Y 200 GR",0.42
202404,"FOOD","AHMAD CAY TEABAGS JASMIN 25EDED",0.3
202404,"FOOD","FANAT SUXARI KABABLI 150GR",0.36
202404,"FOOD","ORBIT WHITE OSVEJAYUSHAYA MYATA 14G",0.28
202404,"FOOD","CIKO TEMIZLENMIS YER FINDIGI 40QR",0.26
202404,"FOOD","FELIX AGAIL GIJ MAL ETI ILE 85G",0.38
202404,"FOOD","ULKER HANIMELLER DAMLA SOKOLAD 150QR",0.32
202403,"NON-FOOD","LADIES SOCKS 20203 35-39",0.47
202403,"NON-FOOD","MEN TROUSERS 9003 A.LACI 42-54",0.07
202403,"NON-FOOD","PHAL PAARS 2-TAK,DIBCEK OLCUSU VLT 12,HUNDURLUK 80",0.33
202403,"NON-FOOD","LADIES PULLS 32816 RED ML",-1.4
202403,"FOOD","THALIA ALOE VERA UZ SABUNU 150G",0.32
202404,"FOOD","FRUITELLA MEDVEJATA 70G",0.3
202404,"FOOD","TUNEC FILE 140QR YAGDA",0.42
202404,"FOOD","AZOVSKIY SLIVKI SHASLIVKI IRIS SUDLU KG",0.38
202404,"FOOD","MEDUZA KREVET BASHSIZ 1KQ",0.39
202404,"FOOD","MENTOS KONFET CIYELEK 15.5QR",0.34
202404,"FOOD","KINDER SURPRIS MAKSI NEW YEAR 100GR",0.35
202404,"FOOD","FRUITELLA KONFET ASSORTI 42.5G0",0.22
202403,"NON-FOOD","MASIN PULTLA 4 TEREFE GEDEN",0.31
202403,"NON-FOOD","EARPHONE BWOO BO-HF05",0.34
202403,"FOOD","OATS& PEACHES PROCEREALS T/T MILKY PORRIDGE 200 GR",0.26
202403,"NON-FOOD","FIRCA I-5865 3 EDEDLI",0.43
202403,"NON-FOOD","BALTA THONOS",0.38
202403,"FOOD","(B)RUSSKAYA VALUTA PREMIUM ARAQ 0.5 LT 1+1",0.26
202403,"FOOD","CAN PAXLAVA SOKOLADLI KQ",0.32
202403,"NON-FOOD","TV LED TCL 49P32CFS",-0.05
202404,"FOOD","RASPAK QIRMIZI ISTIOT CILI 50QR",0.31
202404,"FOOD","FEELS COLA ICE 600 PUFFS ELEKTRON SIGARET",0.28
202404,"FOOD","TU TUALET TEMIZLEYICI DISK CICEK FANTAZIYASI 38QR",0.3
202404,"FOOD","(B)AHMAD TEA QARA CAY SPECIAL 250G QUTU+TEABAG",0.31
202403,"NON-FOOD","BOYA AKVAREL 212066 12 RENG FIRCALI",0.24
202403,"NON-FOOD","25-1 # STEEL SOUVENIR",0.45
202404,"FOOD","COMFORT CIB NEM SALFETKASI 15EDED",0.43
202404,"FOOD","BELLA GUNDELIK BEZ MENIM YOLUM 20 EDED",0.24
202404,"FOOD","MOCUZE YAGI 250GR",0.21
202404,"FOOD","XURMA MEDINE A KQ",-0.04
202404,"FOOD","PROTEX SABUN FRESH 90QR",0.17
202404,"FOOD","AFF XESEM TIKE S/H VAKUM",0.12
202404,"FOOD","START XLOPYA 250QR QUTU",0.3
202404,"FOOD","KULER BANKA PIVE 0.45 LT",0.35
202404,"FOOD","BISMAK SURPRIZ PRYANIK SHOKOLADLI ALMA CEMLI 1KG",0.35
202404,"FOOD","CIM CIM IMBIR BELIY 190QR",0.69
202404,"FOOD","MINI KEKS SKAZ KARAMELNIM 200G",0.32
202404,"FOOD","PRESIDENT MAASDAM PENDIR 46% 150QR",0.17
202403,"NON-FOOD","KOOPMAN DECANTER GLASS WITH LID 550ML",0.63
202403,"FOOD","EVELINE GOZ QELEMI QARA",0.41
202403,"FOOD","PRINCESS LIP GLOSSER PEARL 5ML",0.36
202403,"FOOD","(B) FINAL NEW SUPER 275QR INPACK",0.16
202403,"FOOD","MASTER W CIY TUM LEPESI 400QR",0.2
202403,"FOOD","ZEWA TUALET KAGIZI NATURAL YUMUSAQ. 4 QAT 4 RULON",0.25
202403,"NON-FOOD","ADULT BATHROBE MIX COLORS (M-L-XL)",0.22
202403,"FOOD","XO ETIR EDT PINK PARADISE 100ML",0.22
202403,"FOOD","PALMOLIVE DUS GEL-MUZ BOYURTKEN 250ML",0.25
202403,"FOOD","MSS STICK GEL ACTIVE DAY 48H 85GR",0.2
202403,"FOOD","QADKIY YA DIS PASTASI CIYELEK 60ML",0.42
202403,"NON-FOOD","DAJAR MUG 460ML TOUGH - ENERGY",0.4
202403,"FOOD","NIVEA BALZAM TERAS SONRA HESSAS 100ML",0.26
202403,"NON-FOOD","TEXTILE ACCESSORIES BELT 2 200400",0.41
202403,"FOOD","NESTLE NESCAFE GOLD QEHVE190Q PAKET",0.29
202403,"FOOD","NOMRE 1 ARAQ 1 LT",0.33
202403,"FOOD","SALOON SIVI SABUN VANILYA 400 ML",0.4
202403,"NON-FOOD","SAPRAY QADIN MAYKA QARA L",0.58
202403,"FOOD","WILKINSON XTREME3 ULGUC ULTIMATE PLUS 12 LI",0.45
202403,"FOOD","LOREAL PARIS SPREY SAC BOYA MAGIC RETOUCH SOBALID",0.36
202403,"FOOD","QABARTMA TOZU 12G",0.49
202403,"FOOD","BOULEVARD HOTEL SOCHI PAKHLAVA",0.26
202403,"NON-FOOD","TABLE COVER ST/IPLUS137CMX20M",0.35
202403,"NON-FOOD","PENCIL COLORFUL I-248 2.9MM",0.38
